{"balls":[{"x":0.661647904217299,"y":-0.010727205949085328},{"x":-0.210622616348628,"y":0.013431440828615346},{"x":-0.18699663415152573,"y":0.017769227575637134},{"x":-0.164374249169135,"y":0.024330862757107455},{"x":-0.2338259732929349,"y":0.012309514338496433},{"x":0.6846401424366063,"y":-0.012845692941125794},{"x":0.6396347718465883,"y":-0.006610928188661699},{"x":0.6179461556719507,"y":-0.001588482714564285}],"parts":[{"name":"elevator-14","i":5,"j":-13},{"name":"elevator-14","i":-2,"j":-14,"mirror":true},{"name":"rampX-2.1","i":1,"j":-9},{"name":"spiral","i":0,"j":-12},{"name":"loop","i":3,"j":-12,"mirror":true},{"name":"ramp-1.1","i":3,"j":-8},{"name":"uturn-s","i":4,"j":-7},{"name":"uturn-l","i":0,"j":-2},{"name":"ramp-1.1","i":-1,"j":-1,"mirror":true},{"name":"ramp-1.1","i":4,"j":0},{"name":"uturn-s","i":4,"j":-3},{"name":"uturn-s","i":1,"j":-5,"mirror":true},{"name":"ramp-2.1","i":2,"j":-6,"mirror":true},{"name":"uturn-s","i":2,"j":-1,"mirror":true},{"name":"ramp-1.1","i":3,"j":-2,"mirror":true},{"name":"flat-1","i":3,"j":0},{"name":"ramp-2.1","i":2,"j":-4},{"name":"uturn-l","i":1,"j":-7},{"name":"uturn-s","i":-1,"j":-3,"mirror":true},{"name":"uturn-s","i":-1,"j":-5,"mirror":true},{"name":"uturn-s","i":0,"j":-4},{"name":"ramp-1.1","i":0,"j":-6,"mirror":true},{"name":"ramp-1.1","i":-1,"j":-13},{"name":"ramp-2.1","i":1,"j":-9,"mirror":true},{"name":"uturn-s","i":0,"j":-8,"mirror":true}]}